label,precision,recall,f1-score,support,value
0,0.9413254805104335,0.9672675213119021,0.9541201957795074,30734,
1,0.8748444886787758,0.7914462577377602,0.8310583229923771,8885,
accuracy,,,,,0.927837653651026
macro avg,0.9080849845946046,0.8793568895248312,0.8925892593859422,39619,
weighted avg,0.9264163810272491,0.927837653651026,0.92652220643819,39619,
