baseline,baseline_accuracy,baseline_precision,baseline_recall,baseline_f1,baseline_roc_auc,biasguard_accuracy,biasguard_precision,biasguard_recall,biasguard_f1,biasguard_roc_auc,mcnemar_b_Acorrect_Bwrong,mcnemar_c_Awrong_Bcorrect,mcnemar_exact,mcnemar_statistic,mcnemar_p_value,mcnemar_cohens_g,mcnemar_odds_ratio,paired_t_stat,paired_t_p_value,paired_t_cohens_dz,paired_t_mean_diff_trueclass_proba,paired_t_ci95_low,paired_t_ci95_high,paired_t_n
roberta,0.8744794164416063,0.748160365389495,0.6637028700056274,0.7034054988966422,0.9031019466360453,0.9225624069259699,0.8244283324037925,0.8318514350028138,0.8281232492997199,0.9643012552129646,1358,3263,False,784.5089807400996,1.2592982437744624e-172,0.04808299048436356,0.41618142813361936,42.20908129562437,0.0,0.21205775439739227,0.055708713829517365,0.05312182014360899,0.058295607515425736,39619.0
cda,0.9278124132360736,0.8748289162622869,0.7913337084974676,0.8309892447701217,0.9673604072104316,0.9225624069259699,0.8244283324037925,0.8318514350028138,0.8281232492997199,0.9643012552129646,1059,851,False,22.434031413612566,2.1748612396400857e-06,0.0052500063101037385,1.2444183313748531,-6.135853010730779,8.550413204078727e-10,-0.030826427042484283,-0.004585727117955685,-0.0060505820466430155,-0.003120872189268354,39619.0
tfidf_logreg,0.8819505792675232,0.6982661138333962,0.8339898705683737,0.7601169410678565,0.9404998575648239,0.9225624069259699,0.8244283324037925,0.8318514350028138,0.8281232492997199,0.9643012552129646,1167,2776,False,655.7605883844789,1.2482602564967922e-144,0.0406118276584467,0.4203890489913545,78.12159197456953,0.0,0.3924816259590928,0.0851365172846282,0.08300049315301854,0.08727254141623787,39619.0
glove_svm,0.8016355788889169,0.538039448316773,0.8166572875633089,0.6486969737606723,0.8764921187739921,0.9225624069259699,0.8244283324037925,0.8318514350028138,0.8281232492997199,0.9643012552129646,1264,6055,False,3134.8681513868014,0.0,0.12092682803705293,0.20875309661436828,111.7840930210173,0.0,0.5616170266354798,0.124312587123456,0.12212579928558065,0.12649937496133135,39619.0