label,precision,recall,f1-score,support,value
0,0.9081885856079405,0.9408740359897172,0.9242424242424242,389,
1,0.7628865979381443,0.6666666666666666,0.7115384615384616,111,
accuracy,,,,,0.88
macro avg,0.8355375917730423,0.803770351328192,0.8178904428904429,500,
weighted avg,0.8759315443452457,0.88,0.8770221445221444,500,
